Date,AAPL,MSFT,XOM,JNJ,JPM,V,PG,TSLA,GLD,TLT,VEA,VWO
2024-01-02,184.7349853515625,368.11724853515625,98.98352813720703,155.06092834472656,167.20314025878906,256.9062805175781,145.1269989013672,248.4199981689453,190.72000122070312,94.43120574951172,45.84687042236328,39.35685729980469
2024-01-03,183.3517608642578,367.8492736816406,99.8151626586914,156.0302276611328,166.47438049316406,256.0230407714844,144.24887084960938,238.4499969482422,189.1300048828125,94.82504272460938,45.47909164428711,39.24058532714844
2024-01-04,181.02316284179688,365.208984375,98.9448471069336,155.70066833496094,167.5791473388672,257.6406555175781,145.0391845703125,237.92999267578125,189.32000732421875,93.38423156738281,45.58555221557617,39.17276382446289
2024-01-05,180.2967071533203,365.0203857421875,99.24462127685547,156.18531799316406,168.419921875,257.7200927734375,143.83905029296875,237.49000549316406,189.35000610351562,92.49092102050781,45.61458969116211,39.23090362548828
2024-01-08,184.65536499023438,371.9089050292969,97.59103393554688,156.5730438232422,168.17550659179688,260.5484924316406,145.07823181152344,240.4499969482422,187.8699951171875,93.40343475341797,46.08883285522461,39.29872131347656
2024-01-09,184.23741149902344,373.000732421875,96.38226318359375,156.6699676513672,166.8459014892578,261.3324279785156,145.67340087890625,234.9600067138672,187.92999267578125,92.80789184570312,45.67266082763672,38.84333419799805
2024-01-10,185.28228759765625,379.92889404296875,95.4345932006836,156.90260314941406,167.1978759765625,262.5531311035156,146.29786682128906,233.94000244140625,187.5,92.37564849853516,45.92430114746094,38.80458068847656
2024-01-11,184.68521118164062,381.775146484375,95.41524505615234,156.20472717285156,166.49395751953125,262.02716064453125,146.85400390625,227.22000122070312,187.8699951171875,92.89433288574219,45.87590789794922,38.969295501708984
2024-01-12,185.0135955810547,385.5866394042969,96.65302276611328,157.40664672851562,165.27188110351562,262.16607666015625,146.9418182373047,218.88999938964844,189.7100067138672,92.71183013916016,46.040443420410156,39.153385162353516
2024-01-16,182.73477172851562,387.37322998046875,94.46758270263672,155.5940399169922,164.23556518554688,263.22796630859375,146.1514892578125,219.91000366210938,187.91000366210938,91.07891845703125,45.2177734375,38.339508056640625
2024-01-17,181.78941345214844,386.5792236328125,93.781005859375,155.5067901611328,163.3556671142578,264.6074523925781,146.29786682128906,215.5500030517578,185.83999633789062,90.93482971191406,44.72417068481445,37.82598876953125
2024-01-18,187.71041870117188,390.9465026855469,93.60694122314453,156.26287841796875,163.67831420898438,266.1059875488281,145.4544219970703,211.8800048828125,187.3699951171875,90.08955383300781,45.13066864013672,38.048831939697266
2024-01-19,190.62612915039062,395.7109069824219,93.75198364257812,156.7184295654297,166.50372314453125,268.84503173828125,144.89476013183594,212.19000244140625,187.92999267578125,90.37772369384766,45.275840759277344,38.39764404296875
2024-01-22,192.9447479248047,393.56695556640625,93.62628173828125,157.48419189453125,166.30819702148438,269.1427917480469,145.17950439453125,208.8000030517578,187.22000122070312,90.91561126708984,45.39198684692383,38.09728240966797
2024-01-23,194.22845458984375,395.9391784667969,94.6803207397461,154.9058380126953,165.2132110595703,269.2023010253906,151.1885528564453,209.13999938964844,187.9499969482422,90.19520568847656,45.31455993652344,38.31044006347656
2024-01-24,193.55177307128906,399.5720520019531,96.3145751953125,154.08192443847656,166.68946838378906,269.58935546875,149.36227416992188,207.8300018310547,186.39999389648438,89.66690063476562,45.59523010253906,38.80458068847656
2024-01-25,193.22340393066406,401.8648681640625,98.76111602783203,154.66348266601562,169.07493591308594,270.5420837402344,152.79881286621094,182.6300048828125,187.13999938964844,90.25285339355469,45.71137237548828,38.90147399902344
2024-01-26,191.48191833496094,400.9318542480469,99.6024169921875,154.6053466796875,168.42970275878906,265.9075012207031,153.3094024658203,183.25,187.00999450683594,90.07994079589844,45.904945373535156,38.91115951538086
2024-01-29,190.79530334472656,406.6788635253906,99.7281265258789,154.4696502685547,168.86964416503906,271.5841064453125,153.3290252685547,190.92999267578125,188.3300018310547,91.11734008789062,46.17593765258789,38.92084884643555
2024-01-30,187.12326049804688,405.5572509765625,101.39138793945312,153.8977508544922,172.33050537109375,275.0476379394531,154.63491821289062,191.58999633789062,188.58999633789062,91.94340515136719,46.11787033081055,38.55266571044922
2024-01-31,183.5010223388672,394.6290283203125,99.4186782836914,154.0237579345703,170.46319580078125,271.1871337890625,154.291259765625,187.2899932861328,188.4499969482422,92.84630584716797,45.85654830932617,38.40732955932617
2024-02-01,185.94903564453125,400.7829895019531,99.01253509521484,153.5003204345703,169.8472900390625,274.9483947753906,156.29428100585938,188.86000061035156,190.41000366210938,94.66758728027344,46.340476989746094,38.66893768310547
2024-02-02,184.9439697265625,408.1677551269531,98.60639953613281,151.80401611328125,170.82493591308594,275.077392578125,155.2240447998047,187.91000366210938,188.61000061035156,92.57649993896484,46.011409759521484,38.39764404296875
2024-02-05,186.76502990722656,402.63909912109375,98.20024108886719,151.01890563964844,170.60008239746094,273.4895324707031,155.3418731689453,181.05999755859375,187.57000732421875,90.70703887939453,45.71137237548828,38.49453353881836
2024-02-06,188.37713623046875,402.48028564453125,98.87715911865234,153.20953369140625,171.18667602539062,274.6606140136719,156.07827758789062,185.10000610351562,188.5500030517578,91.5936050415039,45.99205017089844,39.44405746459961
2024-02-07,188.48660278320312,410.97674560546875,98.84814453125,153.1320037841797,171.50927734375,277.2706604003906,156.23538208007812,187.5800018310547,188.5,91.15031433105469,46.02108383178711,39.41498947143555
2024-02-08,187.4019317626953,411.03631591796875,100.5404281616211,151.60047912597656,170.8933868408203,274.1983947753906,155.76406860351562,189.55999755859375,188.3300018310547,90.62031555175781,45.94365692138672,39.21152114868164
2024-02-09,188.16912841796875,417.4284973144531,98.4129867553711,151.9494171142578,171.09866333007812,274.8446044921875,154.56619262695312,193.57000732421875,187.60000610351562,90.4372329711914,46.108192443847656,39.366546630859375
2024-02-12,186.4752655029297,412.1777648925781,99.76681518554688,153.0059814453125,171.8612518310547,273.4924621582031,154.26181030273438,188.1300048828125,187.11000061035156,90.54324340820312,46.22433090209961,39.54094314575195
2024-02-13,184.37286376953125,403.30413818359375,98.90792083740234,151.66831970214844,170.3654327392578,274.22821044921875,153.43704223632812,184.02000427246094,184.52999877929688,88.99178314208984,45.40166473388672,38.814273834228516
2024-02-14,183.48606872558594,407.20220947265625,98.419921875,150.9607391357422,172.09588623046875,275.9681396484375,152.8086395263672,188.7100067138672,184.4199981689453,89.44468688964844,45.963016510009766,39.3762321472168
2024-02-15,183.19712829589844,404.2886047363281,101.24057006835938,153.07382202148438,175.85006713867188,279.3685607910156,154.1636199951172,200.4499969482422,185.66000366210938,89.90723419189453,46.475975036621094,39.61846160888672
2024-02-16,181.65269470214844,401.80255126953125,101.24057006835938,152.8980255126953,175.02882385253906,276.96240234375,154.65455627441406,199.9499969482422,186.33999633789062,89.3868637084961,46.514686584472656,39.81224060058594
2024-02-20,180.90541076660156,400.5396728515625,100.28408813476562,154.17747497558594,175.7131805419922,273.5719909667969,155.63641357421875,193.75999450683594,187.47000122070312,89.46395874023438,46.67921829223633,39.88975143432617
2024-02-21,181.66268920898438,399.93304443359375,102.33368682861328,154.97833251953125,176.85702514648438,275.1727600097656,157.49215698242188,194.77000427246094,187.47999572753906,88.82796478271484,46.708248138427734,39.92850875854492
2024-02-22,183.70529174804688,409.3501281738281,102.24585723876953,156.70704650878906,178.9785614013672,282.1226501464844,157.64926147460938,197.41000366210938,187.55999755859375,89.26158142089844,47.20185470581055,40.27730941772461
2024-02-23,181.86195373535156,408.0474853515625,101.34793090820312,158.0646209716797,179.87799072265625,281.9735107421875,158.11074829101562,191.97000122070312,188.6199951171875,90.45650482177734,47.2792854309082,40.28700637817383
2024-02-26,180.50685119628906,405.2631530761719,101.74808502197266,157.03912353515625,179.26205444335938,282.5203552246094,157.31541442871094,199.39999389648438,188.1999969482422,90.1866683959961,47.17282485961914,40.1513557434082
2024-02-27,181.9715576171875,405.2034606933594,101.53337097167969,157.2246856689453,179.35003662109375,281.5459899902344,156.412109375,199.72999572753906,188.0,89.5506820678711,47.25992965698242,40.27730941772461
2024-02-28,180.76593017578125,405.4421081542969,101.81640625,157.78138732910156,180.25927734375,283.9918518066406,157.14852905273438,202.0399932861328,188.33999633789062,90.11922454833984,47.0082893371582,39.65721893310547
2024-02-29,180.0983428955078,411.32904052734375,102.01160430908203,157.61537170410156,181.90171813964844,281.0190124511719,156.05865478515625,201.8800048828125,189.30999755859375,90.7552261352539,47.11475372314453,39.74441909790039
2024-03-01,179.01226806640625,413.17864990234375,103.29993438720703,158.3380889892578,181.14894104003906,281.5360412597656,155.97027587890625,202.63999938964844,192.88999938964844,91.32072448730469,47.6180305480957,40.27730941772461
2024-03-04,174.46871948242188,412.6019287109375,101.85545349121094,156.11126708984375,182.5078582763672,278.9211120605469,156.66738891601562,188.13999938964844,196.00999450683594,90.95339965820312,47.49221420288086,40.11260223388672
2024-03-05,169.50665283203125,400.4004211425781,103.10472869873047,156.23825073242188,184.33607482910156,277.7777099609375,156.4317626953125,180.74000549316406,197.19000244140625,92.24873352050781,47.37607192993164,39.84130859375
2024-03-06,168.51025390625,399.84356689453125,104.20761108398438,155.62294006347656,185.29415893554688,278.8216857910156,156.67721557617188,176.5399932861328,198.80999755859375,92.79004669189453,47.94710159301758,40.33544921875
2024-03-07,168.39068603515625,406.8542175292969,104.793212890625,155.1638946533203,183.67127990722656,276.6641845703125,157.7081756591797,178.64999389648438,199.94000244140625,92.70307159423828,48.49877166748047,40.52922821044922
2024-03-08,170.1144561767578,403.95050048828125,105.77897644042969,155.7987518310547,184.01344299316406,278.4339294433594,157.44308471679688,175.33999633789062,201.6300048828125,92.53872680664062,48.3632698059082,40.461402893066406
2024-03-11,172.12718200683594,402.2599792480469,106.40361785888672,157.46885681152344,184.08187866210938,278.950927734375,158.62132263183594,177.77000427246094,202.0,92.49039459228516,48.12131118774414,40.56798553466797
2024-03-12,172.60543823242188,412.9598693847656,105.72042083740234,158.94363403320312,185.59722900390625,282.2917175292969,158.99441528320312,177.5399932861328,199.7899932861328,91.717041015625,48.48909378051758,40.91679382324219
2024-03-13,170.51303100585938,412.7809143066406,106.9013671875,157.34190368652344,187.1028289794922,283.50469970703125,159.35772705078125,169.47999572753906,201.19000244140625,91.27239227294922,48.49877166748047,40.68425369262695
2024-03-14,172.37628173828125,422.8443603515625,108.79481506347656,155.49598693847656,183.76904296875,284.76739501953125,158.5722198486328,162.5,200.35000610351562,89.8707275390625,48.17938232421875,40.461402893066406
2024-03-15,171.9976348876953,414.0935363769531,108.59961700439453,154.49000549316406,186.04698181152344,281.4167175292969,158.4544219970703,163.57000732421875,199.7100067138672,89.84173583984375,48.13752365112305,40.34405517578125
2024-03-18,173.09368896484375,414.9884948730469,109.60490417480469,153.10311889648438,188.35421752929688,283.4151916503906,158.28749084472656,173.8000030517578,200.02999877929688,89.5710678100586,48.14725875854492,40.431339263916016
2024-03-19,175.44517517089844,419.0556640625,110.37593841552734,152.56597900390625,189.45895385742188,285.7020263671875,158.896240234375,171.32000732421875,199.8000030517578,89.82239532470703,48.225135803222656,40.26647186279297
2024-03-20,178.0258331298828,422.85430908203125,110.27833557128906,152.12644958496094,191.94219970703125,287.6209716796875,159.0533447265625,175.66000366210938,202.17999267578125,89.79340362548828,48.75080490112305,40.586509704589844
2024-03-21,170.75213623046875,426.9711608886719,110.7663345336914,152.11669921875,194.61119079589844,288.7046813964844,158.9257049560547,172.82000732421875,201.97000122070312,89.98673248291016,48.780006408691406,40.615604400634766
2024-03-22,171.65887451171875,426.3446960449219,110.7663345336914,151.60882568359375,192.22569274902344,281.635498046875,158.72933959960938,170.8300018310547,200.35000610351562,90.84706115722656,48.61451721191406,40.353755950927734
2024-03-25,170.23403930664062,420.4975280761719,111.89849853515625,151.59906005859375,190.46595764160156,279.59722900390625,157.28598022460938,172.6300048828125,200.99000549316406,90.3927230834961,48.5463752746582,40.353755950927734
2024-03-26,169.09814453125,419.2942810058594,111.05913543701172,152.13621520996094,191.3555908203125,278.9907531738281,157.63946533203125,177.6699981689453,201.63999938964844,90.64405059814453,48.61451721191406,40.26647186279297
2024-03-27,172.68516540527344,419.07550048828125,112.21082305908203,154.275146484375,195.0609130859375,277.4197998046875,159.66209411621094,179.8300018310547,203.10000610351562,91.54304504394531,48.935760498046875,40.37315368652344
2024-03-28,170.86175537109375,418.3695068359375,113.4503402709961,154.49978637695312,195.82347106933594,277.47943115234375,159.30862426757812,175.7899932861328,205.72000122070312,91.46573638916016,48.838409423828125,40.5089225769043
2024-04-01,169.41697692871094,422.1979675292969,114.18233489990234,154.09933471679688,194.49386596679688,276.68402099609375,157.6688995361328,175.22000122070312,207.82000732421875,89.7607192993164,48.64372253417969,40.67379379272461
2024-04-02,168.2312774658203,419.0854797363281,116.41738891601562,154.0504913330078,194.4156494140625,276.8431396484375,157.65908813476562,166.6300048828125,210.88999938964844,89.26607513427734,48.341949462890625,40.809566497802734
2024-04-03,169.03834533691406,418.1009826660156,116.4369125366211,150.66143798828125,193.86819458007812,275.37158203125,153.3192138671875,168.3800048828125,212.74000549316406,89.2466812133789,48.60478591918945,40.86775588989258
2024-04-04,168.2113494873047,415.54534912109375,116.84683227539062,148.9425048828125,192.39312744140625,272.4285583496094,152.63189697265625,171.11000061035156,211.52000427246094,89.88678741455078,48.215396881103516,40.722286224365234
2024-04-05,168.96861267089844,423.1426696777344,118.45722961425781,148.83506774902344,194.16317749023438,275.5505676269531,153.27012634277344,164.89999389648438,215.13999938964844,88.63566589355469,48.390621185302734,40.848358154296875
2024-04-08,167.84268188476562,422.2178649902344,117.65691375732422,148.05372619628906,195.176025390625,276.1670227050781,153.21121215820312,172.97999572753906,216.47999572753906,88.6259765625,48.62425231933594,41.10050964355469
2024-04-09,169.05828857421875,423.8984069824219,118.27178955078125,148.73739624023438,193.86817932128906,275.1329650878906,153.81996154785156,176.8800048828125,217.6699981689453,89.45034790039062,48.63398742675781,41.45933532714844
2024-04-10,167.17510986328125,420.8952941894531,119.26730346679688,146.69615173339844,192.2161407470703,272.9057922363281,154.3894500732422,171.75999450683594,215.61000061035156,87.50093841552734,47.903892517089844,41.00352478027344
2024-04-11,174.40892028808594,425.5392150878906,118.86714935302734,145.3190460205078,192.17678833007812,274.09893798828125,153.01483154296875,174.60000610351562,219.8000030517578,87.1032943725586,48.07911682128906,41.13930130004883
2024-04-12,175.91348266601562,419.54290771484375,117.48123168945312,144.07867431640625,179.74720764160156,274.3773498535156,152.51406860351562,171.0500030517578,216.88999938964844,87.5688247680664,47.24193572998047,40.34405517578125
2024-04-15,172.0673828125,411.32904052734375,116.80778503417969,144.1470489501953,179.84555053710938,269.72418212890625,152.63189697265625,161.47999572753906,220.9499969482422,86.21101379394531,47.076454162597656,40.09191131591797
2024-04-16,168.76934814453125,412.2637939453125,115.84154510498047,141.08030700683594,177.7903289794922,269.7937927246094,153.1228485107422,157.11000061035156,221.22000122070312,85.63880920410156,46.57999038696289,39.5973014831543
2024-04-17,167.39430236816406,409.5390930175781,115.7829818725586,141.39283752441406,177.0823211669922,271.1260986328125,154.11453247070312,155.4499969482422,219.58999633789062,86.5892562866211,46.609195709228516,39.66519546508789
2024-04-18,166.437744140625,402.01141357421875,115.67561340332031,142.3402099609375,178.23284912109375,269.81365966796875,155.43577575683594,149.92999267578125,220.33999633789062,86.15283203125,46.560523986816406,39.77186965942383
2024-04-19,164.40512084960938,396.8901672363281,117.00298309326172,144.4595947265625,182.7071075439453,268.2327880859375,156.2757568359375,147.0500030517578,221.02999877929688,86.46318054199219,46.589725494384766,39.655494689941406
2024-04-22,165.24209594726562,398.7198791503906,117.66665649414062,145.64134216308594,186.25701904296875,270.7681579589844,158.64744567871094,142.0500030517578,215.57000732421875,86.31769561767578,47.09592056274414,39.994930267333984
2024-04-23,166.2982635498047,405.29296875,118.12538146972656,146.0710906982422,188.94155883789062,272.5379333496094,159.5961456298828,144.67999267578125,215.0399932861328,86.34679412841797,47.572914123535156,40.32466125488281
2024-04-24,168.41064453125,406.7746276855469,118.14491271972656,145.06512451171875,189.8659210205078,273.4427185058594,160.6831817626953,162.1300048828125,214.63999938964844,85.73578643798828,47.4366340637207,40.45073318481445
2024-04-25,169.27749633789062,396.81060791015625,118.4181900024414,143.39500427246094,190.15109252929688,273.5819091796875,160.63377380371094,170.17999267578125,215.9199981689453,85.13446807861328,47.232208251953125,40.576812744140625
2024-04-26,168.6896209716797,404.0499572753906,115.12906646728516,142.7308807373047,190.26910400390625,272.9455871582031,159.38861083984375,168.2899932861328,216.6199951171875,85.58059692382812,47.5826530456543,41.042320251464844
2024-04-29,172.8744659423828,400.002685546875,116.76874542236328,143.39500427246094,190.06259155273438,270.28094482421875,159.75425720214844,194.0500030517578,216.17999267578125,86.29830169677734,47.845489501953125,41.449642181396484
2024-04-30,169.71591186523438,387.15484619140625,115.4316177368164,141.217041015625,188.54823303222656,267.0694885253906,161.27609252929688,183.27999877929688,211.8699951171875,85.56121063232422,47.17380142211914,40.896846771240234
2024-05-01,168.6896209716797,392.7335205078125,113.2453842163086,147.65328979492188,188.66622924804688,265.7868957519531,161.47373962402344,179.99000549316406,213.7899932861328,86.19188690185547,47.115394592285156,40.94533920288086
2024-05-02,172.4061737060547,395.6173095703125,113.4503402709961,146.4226837158203,188.4695587158203,266.0751953125,161.90855407714844,180.00999450683594,213.1300048828125,86.56171417236328,47.806549072265625,41.944244384765625
2024-05-03,182.71884155273438,404.3880310058594,113.21610260009766,145.78785705566406,187.3386993408203,266.9501647949219,162.52125549316406,181.19000244140625,212.9600067138672,87.43765258789062,48.24460983276367,42.312767028808594
2024-05-06,181.0548858642578,411.2296142578125,113.94810485839844,145.11395263671875,188.80389404296875,271.1062316894531,162.50148010253906,184.75999450683594,215.1999969482422,87.77828979492188,48.62425231933594,42.23518753051758
2024-05-07,181.7423858642578,407.0530700683594,113.38201904296875,145.2506866455078,188.5580596923828,274.8744812011719,163.80592346191406,177.80999755859375,214.2100067138672,88.3135757446289,48.6923942565918,41.934547424316406
2024-05-08,182.08116149902344,408.2463684082031,113.36250305175781,145.47532653808594,192.39312744140625,275.6002502441406,163.12405395507812,174.72000122070312,213.5800018310547,87.77828979492188,48.64372253417969,41.895751953125
2024-05-09,183.9045867919922,410.0164489746094,115.59754943847656,146.3543243408203,194.21234130859375,276.9425354003906,164.08261108398438,171.97000122070312,216.9499969482422,88.20652770996094,49.003902435302734,42.06061935424805
2024-05-10,182.63743591308594,412.4228820800781,115.12906646728516,146.4129180908203,195.46119689941406,279.1298828125,164.88307189941406,168.47000122070312,218.7100067138672,87.71017456054688,49.02336883544922,42.14790344238281
2024-05-13,185.86013793945312,411.4085998535156,115.08027648925781,147.69236755371094,195.421875,277.7876892089844,163.9146270751953,171.88999938964844,216.25999450683594,87.93401336669922,49.01363754272461,42.477638244628906
2024-05-14,187.00755310058594,414.23272705078125,115.77884674072266,147.8486328125,198.15557861328125,276.1470947265625,163.80592346191406,177.5500030517578,218.08999633789062,88.43038177490234,49.354347229003906,42.69099426269531
2024-05-15,189.2924041748047,421.47515869140625,116.67423248291016,149.10853576660156,198.74560546875,279.88555908203125,164.5470733642578,173.99000549316406,220.88999938964844,89.63721466064453,49.85081100463867,43.05952453613281
2024-05-16,189.41212463378906,419.39306640625,115.97563934326172,150.6809844970703,199.099609375,278.75,165.88116455078125,174.83999633789062,220.02999877929688,89.54962158203125,49.568504333496094,43.224388122558594
2024-05-17,189.44204711914062,418.61602783203125,117.71719360351562,151.03257751464844,201.3809814453125,279.00897216796875,165.6637725830078,177.4600067138672,223.66000366210938,88.94620513916016,49.74372863769531,43.534732818603516
2024-05-20,190.6094207763672,423.7265930175781,116.76277923583984,148.9354705810547,192.3242950439453,277.455078125,165.337646484375,174.9499969482422,224.55999755859375,88.68341827392578,49.76319885253906,43.43775177001953
2024-05-21,191.91647338867188,427.41253662109375,115.95596313476562,148.9059295654297,196.19873046875,274.87518310546875,166.36538696289062,186.60000610351562,224.22999572753906,89.1408462524414,49.68532180786133,43.18559646606445
2024-05-22,190.4697265625,428.8869323730469,113.62405395507812,151.13104248046875,195.00885009765625,274.506591796875,165.83175659179688,180.11000061035156,220.11000061035156,89.24791717529297,49.21806335449219,43.05952453613281
2024-05-23,186.45880126953125,425.3802795410156,111.68571472167969,147.38967895507812,193.64198303222656,273.161865234375,163.5391082763672,173.74000549316406,215.72000122070312,88.67369842529297,48.94549560546875,42.72978973388672
2024-05-24,189.5518035888672,428.5283203125,111.59715270996094,144.70181274414062,197.36892700195312,273.42083740234375,163.38099670410156,179.24000549316406,215.9199981689453,88.93647003173828,49.34461212158203,42.865562438964844
2024-05-28,189.56178283691406,428.6877136230469,113.0140151977539,142.15179443359375,196.17904663085938,269.9245300292969,161.18716430664062,176.75,218.19000244140625,87.6614990234375,49.354347229003906,42.749183654785156
2024-05-29,189.86111450195312,427.5420837402344,111.80377960205078,142.21087646484375,194.8121795654297,267.812744140625,159.74436950683594,176.19000244140625,216.16000366210938,86.60065460205078,48.507442474365234,42.21578598022461
2024-05-30,190.85885620117188,413.0970764160156,112.15798950195312,143.03790283203125,196.01187133789062,270.2432556152344,160.6634063720703,178.7899932861328,216.57000732421875,87.43765258789062,48.94549560546875,42.138206481933594
2024-05-31,191.81668090820312,413.5553283691406,115.37544250488281,144.4064483642578,199.2569580078125,271.39874267578125,162.6002960205078,178.0800018310547,215.3000030517578,88.03133392333984,49.373817443847656,41.77937316894531
2024-06-03,193.59268188476562,411.951416015625,112.61060333251953,145.45993041992188,198.46043395996094,269.3268737792969,162.70899963378906,176.2899932861328,217.22000122070312,89.45521545410156,49.5003662109375,42.19639205932617
2024-06-04,193.91195678710938,414.49176025390625,110.85920715332031,145.51901245117188,195.84471130371094,271.3589172363281,165.0411834716797,174.77000427246094,215.27000427246094,90.5001449584961,49.354347229003906,41.536922454833984
2024-06-05,195.42852783203125,422.4016418457031,111.30198669433594,143.71725463867188,193.97633361816406,273.4308166503906,164.09249877929688,175.0,217.82000732421875,91.16422271728516,49.6950569152832,42.070316314697266
2024-06-06,194.0416717529297,422.90966796875,112.13832092285156,144.16030883789062,193.6321563720703,275.9609375,166.48397827148438,177.94000244140625,219.42999267578125,91.02751159667969,49.82160949707031,42.264278411865234
2024-06-07,196.44622802734375,422.24224853515625,110.93792724609375,144.8101348876953,196.62156677246094,277.5845642089844,165.09060668945312,177.47999572753906,211.60000610351562,89.35755920410156,49.20832824707031,41.9151496887207
2024-06-10,192.68472290039062,426.2469787597656,111.26261901855469,144.85935974121094,196.2872314453125,273.9687194824219,165.37718200683594,173.7899932861328,213.5399932861328,88.7618179321289,49.27647018432617,42.138206481933594
2024-06-11,206.68310546875,431.0387268066406,110.36724853515625,144.49505615234375,191.12460327148438,273.60015869140625,165.50564575195312,170.66000366210938,214.14999389648438,89.6798095703125,48.72159957885742,42.04122543334961
2024-06-12,212.58978271484375,439.386962890625,109.14717864990234,143.1658935546875,188.3417205810547,269.2671203613281,163.2327423095703,177.2899932861328,214.72000122070312,90.35365295410156,49.315406799316406,42.37095642089844
2024-06-13,213.75714111328125,439.9049987792969,108.271484375,143.2052764892578,190.43626403808594,270.1336975097656,164.44825744628906,182.47000122070312,212.97000122070312,91.68181610107422,48.62425231933594,42.32246780395508
2024-06-14,212.01107788085938,440.8912353515625,107.3564224243164,143.29388427734375,190.55426025390625,269.6057434082031,164.8237762451172,178.00999450683594,215.72999572753906,92.45332336425781,48.186195373535156,42.4388427734375
2024-06-17,216.18165588378906,446.6692199707031,106.61848449707031,143.6975555419922,191.7342987060547,270.1138000488281,165.52540588378906,187.44000244140625,214.61000061035156,91.53532409667969,48.361419677734375,42.671600341796875
2024-06-18,213.8070068359375,444.6469421386719,107.62208557128906,143.40219116210938,193.7206573486328,272.5542297363281,166.57290649414062,184.86000061035156,215.47000122070312,92.37519073486328,48.556114196777344,43.01103210449219
2024-06-20,209.2073974609375,444.0093688964844,109.94416046142578,145.4993133544922,195.3628692626953,275.74176025390625,165.6934051513672,181.57000732421875,218.16000366210938,91.75994873046875,48.556114196777344,42.93344497680664
2024-06-21,207.02235412597656,448.0738830566406,108.97991180419922,146.454345703125,193.03231811523438,274.14801025390625,166.27645874023438,183.00999450683594,214.77999877929688,91.75994873046875,48.232852935791016,42.787418365478516
2024-06-24,207.67088317871094,445.9718933105469,112.21703338623047,146.81861877441406,195.5693817138672,275.2237854003906,166.46420288085938,182.5800018310547,215.6300048828125,92.13104248046875,48.65534973144531,42.758209228515625
2024-06-25,208.59878540039062,449.23944091796875,112.53189086914062,144.91842651367188,194.77285766601562,272.4645690917969,164.88307189941406,187.35000610351562,214.55999755859375,92.28730010986328,48.724124908447266,42.631649017333984
2024-06-26,212.7693634033203,450.4448547363281,112.57125091552734,144.55413818359375,194.14349365234375,272.5343322753906,165.4759979248047,196.3699951171875,212.5800018310547,90.96891021728516,48.39988327026367,42.51482009887695
2024-06-27,213.61746215820312,451.13226318359375,113.05337524414062,143.54986572265625,195.8545379638672,265.5516357421875,164.65577697753906,197.4199981689453,214.99000549316406,91.33024597167969,48.517791748046875,42.49535369873047
2024-06-28,210.14527893066406,445.254638671875,113.26983642578125,143.90432739257812,198.8931121826172,261.4476623535156,162.97581481933594,197.8800048828125,215.00999450683594,89.63098907470703,48.557090759277344,42.602439880371094
2024-07-01,216.261474609375,454.9975280761719,113.1124038696289,144.1800079345703,202.03001403808594,262.21466064453125,160.8017578125,209.86000061035156,215.57000732421875,88.08405303955078,48.59639358520508,42.699798583984375
2024-07-02,219.77354431152344,457.537841796875,112.34494018554688,143.7763214111328,205.35372924804688,267.18524169921875,161.9678497314453,231.25999450683594,215.55999755859375,88.76983642578125,48.70447540283203,42.85556411743164
2024-07-03,221.0506591796875,459.0221862792969,112.9156265258789,143.4415740966797,205.21607971191406,267.9422607421875,161.89866638183594,246.38999938964844,217.99000549316406,89.9356689453125,49.28417205810547,43.48836898803711
2024-07-05,225.82984924316406,465.78643798828125,111.54796600341797,144.21937561035156,202.49685668945312,269.3069152832031,163.26242065429688,251.52000427246094,220.92999267578125,90.68022918701172,49.59858322143555,43.478633880615234
2024-07-08,227.30653381347656,464.471435546875,110.37709045410156,143.23480224609375,202.8726043701172,265.3623352050781,164.5569610595703,252.94000244140625,218.19000244140625,90.87617492675781,49.382423400878906,43.478633880615234
2024-07-09,228.16458129882812,457.796875,109.15701293945312,144.78057861328125,205.3050537109375,264.4060974121094,163.7071075439453,262.3299865722656,218.55999755859375,90.47449493408203,49.21539306640625,43.66360855102539
2024-07-10,232.45489501953125,464.4814147949219,110.12126922607422,147.1238555908203,205.47317504882812,261.9756164550781,164.83367919921875,263.260009765625,219.36000061035156,90.75861358642578,49.903175354003906,43.83884811401367
2024-07-11,227.05709838867188,452.9752502441406,111.42989349365234,147.38967895507812,205.1270751953125,261.52734375,163.5885009765625,241.02999877929688,223.25,91.64032745361328,50.09968185424805,44.17959213256836
2024-07-12,230.0203857421875,451.8295593261719,111.4495620727539,147.56690979003906,202.6451873779297,264.70489501953125,164.64590454101562,248.22999572753906,223.11000061035156,92.03221130371094,50.60077667236328,44.384033203125
2024-07-15,233.87168884277344,452.2380065917969,113.35839080810547,146.93679809570312,207.69796752929688,267.4043884277344,162.63983154296875,252.63999938964844,223.8300018310547,90.97413635253906,50.217586517333984,43.92646789550781
2024-07-16,234.29074096679688,447.8148498535156,114.175048828125,148.67947387695312,211.2279815673828,268.2012634277344,164.9818878173828,256.55999755859375,228.2899932861328,92.25753021240234,50.51234436035156,44.20879364013672
2024-07-17,228.3641357421875,441.8376159667969,115.74933624267578,154.16351318359375,214.44158935546875,271.6378479003906,167.44253540039062,248.5,227.22999572753906,92.27714538574219,50.22740936279297,43.566253662109375
2024-07-18,223.6747283935547,438.6995849609375,116.89069366455078,153.0214080810547,207.6287384033203,268.10162353515625,166.45433044433594,249.22999572753906,225.77999877929688,91.5717544555664,49.736141204833984,43.18656921386719
2024-07-19,223.80442810058594,435.4519348144531,114.2045669555664,152.3026885986328,207.4309844970703,264.426025390625,166.97825622558594,239.1999969482422,221.72999572753906,91.03292846679688,49.44137954711914,42.7679443359375
2024-07-22,223.45523071289062,441.2598571777344,113.41741943359375,151.85963439941406,207.92539978027344,266.667236328125,167.2665557861328,251.50999450683594,221.8000030517578,90.76841735839844,49.92282485961914,43.09894943237305
2024-07-23,224.5028533935547,443.16259765625,111.58732604980469,149.99879455566406,207.97483825683594,263.7586364746094,165.6460723876953,246.3800048828125,222.5800018310547,90.64103698730469,49.667362213134766,42.651123046875
2024-07-24,218.0474395751953,427.2731018066406,113.16160583496094,153.86813354492188,206.25430297851562,253.17999267578125,167.0180206298828,215.99000549316406,221.8000030517578,89.6613540649414,49.04835891723633,42.20328903198242
2024-07-25,216.99981689453125,416.8128967285156,115.54270935058594,157.17628479003906,206.33340454101562,252.75167846679688,165.9244384765625,220.25,218.3300018310547,90.39612579345703,48.743778228759766,42.09619903564453
2024-07-26,217.46875,423.6568298339844,115.44432067871094,158.16085815429688,209.8634490966797,258.4493713378906,168.1215362548828,219.8000030517578,220.6300048828125,91.10150146484375,49.382423400878906,42.563499450683594
2024-07-29,217.7481231689453,425.111328125,114.23408508300781,156.11294555664062,208.489013671875,260.5810546875,168.93673706054688,232.10000610351562,220.32000732421875,91.59133911132812,49.18592071533203,42.4174690246582
2024-07-30,218.30685424804688,421.3157958984375,116.27081298828125,158.8402099609375,212.78041076660156,262.0752258300781,160.7548370361328,222.6199951171875,222.52000427246094,91.94403839111328,49.29399490356445,42.30064392089844
2024-07-31,221.5794677734375,416.7630920410156,116.6840591430664,155.41390991210938,210.41717529296875,264.6352233886719,159.82032775878906,232.07000732421875,226.5500030517578,92.88453674316406,50.02107620239258,43.11842346191406
2024-08-01,217.8678436279297,415.52777099609375,115.07041931152344,158.27899169921875,205.63137817382812,264.8941955566406,164.72152709960938,216.86000061035156,225.77000427246094,93.6856460571289,48.743778228759766,42.40773391723633
2024-08-02,219.36447143554688,406.9405212402344,115.00154876708984,161.60682678222656,196.91012573242188,265.5416259765625,169.0858612060547,207.6699981689453,225.33999633789062,96.60503387451172,47.88896942138672,41.950164794921875
2024-08-05,208.79833984375,393.6510925292969,112.92546081542969,158.76144409179688,192.7176055908203,255.44114685058594,167.07766723632812,198.8800048828125,222.47999572753906,97.11617279052734,46.76886749267578,40.79164505004883
2024-08-06,206.762939453125,398.09417724609375,112.32527160644531,156.51661682128906,198.0966796875,257.2540588378906,167.10748291015625,200.63999938964844,220.6999969482422,94.94383239746094,46.847476959228516,41.073970794677734
2024-08-07,209.34710693359375,396.91864013671875,113.82083892822266,156.4477081298828,198.156005859375,255.52084350585938,169.02621459960938,191.75999450683594,220.5500030517578,94.27542877197266,47.07345962524414,41.39524459838867
2024-08-08,212.8292236328125,401.1625061035156,115.99531555175781,157.74732971191406,201.7750244140625,258.81793212890625,169.87123107910156,198.83999633789062,224.00999450683594,93.69547271728516,47.87914276123047,42.2909049987793
2024-08-09,215.7526397705078,404.4798583984375,116.93988800048828,158.14114379882812,203.4955596923828,259.26708984375,169.5431671142578,200.0,224.55999755859375,94.61946105957031,48.04617691040039,42.39799880981445
2024-08-12,217.2909393310547,405.2668762207031,117.08747863769531,157.41258239746094,203.8811798095703,259.3968505859375,165.83497619628906,197.49000549316406,228.41000366210938,94.96349334716797,48.065818786621094,42.582969665527344
2024-08-13,221.02682495117188,412.4395751953125,115.9657974243164,155.94557189941406,205.61160278320312,259.6363830566406,166.31216430664062,207.8300018310547,228.05999755859375,95.62206268310547,48.85185623168945,42.904239654541016
2024-08-14,221.47633361816406,415.27874755859375,117.03827667236328,156.0341796875,207.88584899902344,260.64447021484375,167.81333923339844,201.3800048828125,226.1999969482422,96.2216796875,49.03853988647461,42.631649017333984
2024-08-15,224.47303771972656,420.1889343261719,117.76233673095703,156.634765625,209.18118286132812,266.293701171875,166.9384765625,214.13999938964844,226.91000366210938,95.44513702392578,49.63788604736328,43.09894943237305
2024-08-16,225.80157470703125,417.634033203125,117.20689392089844,156.93014526367188,211.57408142089844,266.87261962890625,166.90866088867188,216.1199951171875,231.99000549316406,95.77935028076172,49.932647705078125,43.546783447265625
2024-08-19,225.64175415039062,420.68792724609375,117.56395721435547,157.16644287109375,213.03749084472656,265.96435546875,167.43556213378906,222.72000122070312,231.61000061035156,96.2216796875,50.51234436035156,43.99461364746094
2024-08-20,226.2610626220703,423.9513854980469,113.64615631103516,157.68826293945312,212.117919921875,267.5313720703125,169.4139404296875,221.10000610351562,232.4600067138672,96.9883804321289,50.37479019165039,43.566253662109375
2024-08-21,226.15118408203125,423.292724609375,112.92210388183594,158.93865966796875,212.197021484375,267.6910705566406,169.16539001464844,223.27000427246094,232.14999389648438,97.04736328125,50.81693649291992,43.77069854736328
2024-08-22,224.2832489013672,414.7198791503906,113.79493713378906,159.84446716308594,214.20428466796875,267.43157958984375,169.1554412841797,210.66000366210938,229.3699951171875,96.08406829833984,50.463218688964844,43.25471878051758
2024-08-23,226.5906982421875,415.9573974609375,115.3719711303711,161.59698486328125,215.86546325683594,266.9325256347656,168.18118286132812,220.32000732421875,232.02000427246094,96.7131576538086,51.43593215942383,43.87778854370117
2024-08-26,226.93032836914062,412.6639709472656,117.8416748046875,162.069580078125,216.71583557128906,267.7010498046875,169.3542938232422,213.2100067138672,232.75999450683594,96.46742248535156,51.22959899902344,43.595462799072266
2024-08-27,227.77938842773438,413.0132751464844,116.72088623046875,161.65292358398438,217.7145233154297,270.206298828125,168.26071166992188,209.2100067138672,233.38999938964844,96.3003158569336,51.426109313964844,43.644142150878906
2024-08-28,226.2410888671875,409.77978515625,115.57034301757812,162.61520385742188,218.81210327148438,268.67919921875,168.0718231201172,205.75,231.75,96.18236541748047,51.17064666748047,43.361812591552734
2024-08-29,229.53746032714844,412.29473876953125,117.16722106933594,162.9227294921875,219.72181701660156,273.7994689941406,169.03614807128906,206.27999877929688,232.9499969482422,95.86781311035156,51.308204650878906,43.42021942138672
2024-08-30,228.7483367919922,416.30670166015625,116.97877502441406,164.53976440429688,222.28280639648438,275.8455505371094,170.53732299804688,214.11000061035156,231.2899932861328,94.84553527832031,51.47523498535156,43.53704833984375
2024-09-03,222.52517700195312,408.6220703125,114.52890014648438,165.8294219970703,217.83319091796875,278.0114440917969,173.49990844726562,210.60000610351562,230.2899932861328,96.39676666259766,50.58112335205078,42.875038146972656
2024-09-04,220.6072998046875,408.0831604003906,113.1303939819336,166.02781677246094,216.87405395507812,279.9577331542969,174.87184143066406,219.41000366210938,230.42999267578125,97.63932800292969,50.42391586303711,42.85556411743164
2024-09-05,222.13560485839844,407.5741882324219,112.24764251708984,163.67669677734375,215.19309997558594,278.0912780761719,174.44435119628906,230.1699981689453,232.35000610351562,98.19156646728516,50.433746337890625,42.97239303588867
2024-09-06,220.57733154296875,400.8975524902344,111.72196197509766,163.07154846191406,210.0809783935547,278.8398742675781,174.5636444091797,210.72999572753906,230.6300048828125,98.18170166015625,49.49050521850586,42.34931945800781
2024-09-09,220.66722106933594,404.9095153808594,114.0726547241211,165.28379821777344,214.38226318359375,285.0680236816406,175.03089904785156,216.27000427246094,231.60000610351562,98.60575103759766,50.02107620239258,42.64138412475586
2024-09-10,219.86810302734375,413.3725891113281,109.91680145263672,166.04766845703125,203.25823974609375,284.7985534667969,176.75079345703125,226.1699981689453,232.6199951171875,99.29606628417969,49.82456970214844,42.54403305053711
2024-09-11,222.41529846191406,422.1949157714844,108.82576751708984,163.50804138183594,204.90953063964844,283.421142578125,172.90341186523438,228.1300048828125,232.25,99.21717071533203,50.10950469970703,42.806888580322266
2024-09-12,222.52517700195312,426.1470031738281,110.3234634399414,163.3294677734375,204.28660583496094,284.8284912109375,172.45603942871094,229.80999755859375,236.3300018310547,98.75367736816406,50.56147384643555,43.08921432495117
2024-09-13,222.25547790527344,429.7298278808594,110.24411010742188,164.2024688720703,202.03213500976562,286.80474853515625,173.06248474121094,230.2899932861328,238.67999267578125,99.01993560791016,50.69902801513672,43.2839241027832
2024-09-16,216.082275390625,430.47833251953125,111.79139709472656,165.6607666015625,205.53250122070312,289.9288024902344,176.20401000976562,226.77999877929688,238.66000366210938,99.92720031738281,51.101871490478516,43.449432373046875
2024-09-17,216.55174255371094,434.2807312011719,113.2494125366211,165.74014282226562,206.90692138671875,291.0067443847656,174.85195922851562,227.8699951171875,237.33999633789062,99.44397735595703,50.856231689453125,43.49810791015625
2024-09-18,220.4474639892578,429.94940185546875,113.64615631103516,164.82745361328125,205.2061767578125,287.9325866699219,172.90341186523438,227.1999969482422,235.50999450683594,98.21128845214844,50.679378509521484,43.34233856201172
2024-09-19,228.61846923828125,437.81365966796875,115.05458068847656,163.50804138183594,208.12315368652344,284.69873046875,170.53732299804688,243.9199981689453,239.1699981689453,97.88585662841797,51.6520881652832,44.247737884521484
2024-09-20,227.94920349121094,434.4004821777344,114.33052825927734,162.85330200195312,208.72630310058594,284.2296142578125,173.20166015625,238.25,242.2100067138672,97.51111602783203,51.1831169128418,44.22235107421875
2024-09-23,226.2211151123047,432.6440124511719,116.40349578857422,161.9207763671875,209.07240295410156,288.0823059082031,172.75430297851562,250.0,242.67999267578125,97.30402374267578,51.390018463134766,44.58362579345703
2024-09-24,227.1201171875,428.31268310546875,116.09602355957031,161.48428344726562,209.22071838378906,272.26239013671875,172.22740173339844,254.27000427246094,246.07000732421875,97.2843017578125,51.70529556274414,46.136146545410156
2024-09-25,226.1212158203125,431.2467956542969,113.83460235595703,159.32164001464844,207.83641052246094,269.11834716796875,171.25311279296875,257.0199890136719,245.72999572753906,96.47565460205078,51.38016891479492,45.66746139526367
2024-09-26,227.26995849609375,430.4483947753906,111.88066864013672,160.1053466796875,207.4309844970703,271.1744384765625,172.19757080078125,254.22000122070312,246.97999572753906,96.70246887207031,52.52304458618164,47.12233352661133
2024-09-27,227.53965759277344,427.1649475097656,114.87604522705078,160.11524963378906,208.14292907714844,274.6478576660156,172.53558349609375,260.4599914550781,245.02000427246094,97.20541381835938,52.197914123535156,47.112571716308594
2024-09-30,232.7439422607422,429.4403991699219,116.26464080810547,160.77000427246094,208.49888610839844,274.42828369140625,172.1876220703125,261.6300048828125,243.05999755859375,96.7419204711914,52.03042221069336,46.72200012207031
2024-10-01,225.96141052246094,419.849609375,118.95255279541016,160.70057678222656,204.72166442871094,277.0732421875,172.02854919433594,258.0199890136719,245.61000061035156,97.44039916992188,51.6658821105957,47.07351303100586
2024-10-02,226.53077697753906,416.2967224121094,120.52958679199219,159.8870849609375,204.96885681152344,276.474365234375,170.91510009765625,249.02000427246094,245.66000366210938,96.61924743652344,51.577213287353516,48.04994201660156
2024-10-03,225.42198181152344,415.7079162597656,121.5809555053711,159.22242736816406,202.9319305419922,276.3346252441406,169.12562561035156,240.66000366210938,245.49000549316406,95.70903778076172,51.09444808959961,47.327388763427734
2024-10-04,226.55075073242188,415.2288513183594,123.81261444091797,159.0140838623047,210.13473510742188,277.402587890625,167.89288330078125,250.0800018310547,245.0,94.53173065185547,51.39986801147461,47.903480529785156
2024-10-07,221.4463653564453,408.7218933105469,124.34822082519531,158.26014709472656,209.84620666503906,273.2704772949219,166.14315795898438,240.8300018310547,244.1699981689453,93.81939697265625,51.11415100097656,48.323341369628906
2024-10-08,225.52188110351562,413.8815612792969,121.04535675048828,158.4188690185547,209.66714477539062,274.438232421875,167.17709350585938,244.5,242.3699951171875,93.97769165039062,51.03533172607422,46.90752410888672
2024-10-09,229.28773498535156,416.62603759765625,121.09494018554688,159.37123107910156,212.32342529296875,276.4045104980469,168.2805938720703,241.0500030517578,241.0500030517578,93.44344329833984,51.05503845214844,46.58530044555664
2024-10-10,228.7882843017578,415.0093078613281,122.13639068603516,159.2323455810547,211.74639892578125,276.9434814453125,167.96246337890625,238.77000427246094,242.82000732421875,93.077392578125,50.966365814208984,46.682945251464844
2024-10-11,227.2999267578125,415.48834228515625,122.6025619506836,160.17478942871094,221.14784240722656,277.3127746582031,170.08995056152344,217.8000030517578,245.47000122070312,92.70144653320312,51.222530364990234,47.014930725097656
2024-10-14,231.04580688476562,418.302734375,123.06873321533203,160.3136749267578,220.34201049804688,280.1473693847656,171.50164794921875,219.16000366210938,245.07000732421875,92.77069091796875,51.330902099609375,46.790348052978516
2024-10-15,233.59300231933594,417.90350341796875,119.36912536621094,162.7937774658203,221.24734497070312,278.7600402832031,172.5554656982422,219.57000732421875,245.9199981689453,93.89855194091797,50.601829528808594,45.85298156738281
2024-10-16,231.5252685546875,415.2887268066406,119.67660522460938,162.9723358154297,222.4909210205078,286.9743957519531,171.37242126464844,221.3300018310547,247.14999389648438,94.29428100585938,50.79887771606445,46.28261184692383
2024-10-17,231.89486694335938,415.8875427246094,119.36912536621094,163.16082763671875,223.26690673828125,289.8389892578125,171.2729949951172,220.88999938964844,248.6300048828125,92.80038452148438,50.779170989990234,46.136146545410156
2024-10-18,234.74172973632812,417.3246765136719,119.03189849853516,163.80564880371094,224.21202087402344,290.0685119628906,171.27999877929688,220.6999969482422,251.27000427246094,92.86963653564453,51.06489181518555,46.702476501464844
2024-10-21,236.22010803222656,417.94342041015625,119.10133361816406,161.53387451171875,221.8542022705078,286.3056945800781,169.5399932861328,218.85000610351562,251.22000122070312,91.24711608886719,50.48360061645508,46.37049102783203
2024-10-22,235.60079956054688,426.656005859375,119.71627044677734,162.14894104003906,222.96844482421875,284.2496032714844,169.6999969482422,217.97000122070312,253.92999267578125,91.33614349365234,50.22743606567383,46.3119010925293
2024-10-23,230.5063934326172,423.7518005371094,119.28977966308594,164.53976440429688,222.26210021972656,283.2215576171875,169.5800018310547,213.64999389648438,250.8699951171875,91.08880615234375,49.74467086791992,46.01897430419922
2024-10-24,230.31661987304688,423.8815612792969,118.61531829833984,162.3671875,223.8240203857422,282.68255615234375,169.6199951171875,260.4800109863281,252.8000030517578,91.67253112792969,49.92201232910156,45.97015380859375
2024-10-25,231.1556854248047,427.2947082519531,118.5161361694336,159.5994110107422,221.16773986816406,281.1954040527344,168.22000122070312,269.19000244140625,253.32000732421875,91.15806579589844,49.764373779296875,45.931095123291016
2024-10-28,233.14349365234375,425.7378234863281,117.93094635009766,160.3136749267578,224.3413543701172,283.6507263183594,169.3000030517578,262.510009765625,253.3300018310547,90.91073608398438,50.12891387939453,46.07756042480469
2024-10-29,233.41319274902344,431.0871276855469,116.32415008544922,158.81568908691406,221.7547149658203,281.3451232910156,167.1699981689453,259.5199890136719,256.0899963378906,91.04923248291016,49.961421966552734,45.90180206298828
2024-10-30,229.8471221923828,431.66595458984375,115.73896026611328,159.33155822753906,223.2569580078125,289.6094055175781,166.16000366210938,257.54998779296875,257.5,91.31636047363281,49.715110778808594,45.56981658935547
2024-10-31,225.66172790527344,405.53826904296875,115.8282241821289,158.5875244140625,220.77975463867188,289.29998779296875,165.17999267578125,249.85000610351562,253.50999450683594,91.46476745605469,49.36042785644531,45.47217559814453
2024-11-01,222.66502380371094,409.55023193359375,114.01313781738281,158.85537719726562,221.7945098876953,290.18829345703125,165.10000610351562,248.97999572753906,252.47000122070312,90.17526245117188,49.46880340576172,45.48194122314453
2024-11-04,221.76600646972656,407.64404296875,117.643310546875,156.9804229736328,218.65074157714844,291.29620361328125,165.0800018310547,242.83999633789062,252.8300018310547,91.574951171875,49.53776931762695,45.62840270996094
2024-11-05,223.2044219970703,410.6380310058594,117.9904556274414,157.08953857421875,220.3519744873047,292.73345947265625,165.75999450683594,251.44000244140625,253.39999389648438,92.06136322021484,50.0599479675293,46.29237365722656
2024-11-06,222.47523498535156,419.3406066894531,120.01383209228516,156.623291015625,245.7905731201172,306.8166809082031,161.0500030517578,288.5299987792969,245.6999969482422,89.53995513916016,49.41954040527344,45.85298156738281
2024-11-07,227.22999572753906,424.58013916015625,120.16261291503906,155.48243713378906,235.16546630859375,305.2196960449219,163.41000366210938,296.9100036621094,249.64999389648438,90.66168212890625,50.16831970214844,46.84893798828125
2024-11-08,226.9600067138672,421.6959228515625,120.12293243408203,154.2324676513672,235.7623748779297,307.2857971191406,167.7100067138672,321.2200012207031,247.9600067138672,91.81318664550781,49.50821304321289,45.686988830566406
2024-11-11,224.22999572753906,417.1749572753906,119.48815155029297,153.80587768554688,238.0605010986328,310.33001708984375,166.02999877929688,350.0,242.13999938964844,91.36648559570312,49.48850631713867,45.42335510253906
2024-11-12,224.22999572753906,422.1849365234375,119.36912536621094,151.42498779296875,238.32911682128906,309.8500061035156,165.83999633789062,328.489990234375,240.0500030517578,89.99658966064453,48.68061447143555,44.6519775390625
2024-11-13,225.1199951171875,424.3506164550781,120.4800033569336,152.0202178955078,239.9208984375,309.4800109863281,166.5800018310547,330.239990234375,237.6300048828125,89.14288330078125,48.404747009277344,44.41763687133789
2024-11-14,228.22000122070312,426.0372314453125,120.55999755859375,150.66111755371094,240.6272430419922,308.25,167.0800018310547,311.17999267578125,237.00999450683594,89.65907287597656,48.44415283203125,44.14423370361328
2024-11-15,225.0,414.1709899902344,119.30999755859375,152.774169921875,244.04957580566406,309.6400146484375,169.5399932861328,320.7200012207031,236.58999633789062,89.42082977294922,48.30622100830078,44.056358337402344
2024-11-18,228.02000427246094,414.9294738769531,120.30999755859375,153.5380401611328,243.77101135253906,312.1600036621094,170.75,338.739990234375,241.08999633789062,89.57965087890625,48.631351470947266,44.427398681640625
2024-11-19,228.27999877929688,416.9554138183594,118.62999725341797,151.78211975097656,241.84097290039062,311.8500061035156,170.75999450683594,346.0,243.25,90.03629302978516,48.572235107421875,44.495750427246094
2024-11-20,229.0,414.65997314453125,120.31999969482422,151.89125061035156,239.5428466796875,307.3900146484375,170.88999938964844,342.0299987792969,244.6199951171875,89.7484130859375,48.434303283691406,44.485984802246094
2024-11-21,228.52000427246094,412.8699951171875,121.93000030517578,154.26222229003906,243.5023956298828,309.8999938964844,172.75,339.6400146484375,246.66000366210938,89.67892456054688,48.55253219604492,44.32975769042969
2024-11-22,229.8699951171875,417.0,121.79000091552734,153.93484497070312,247.27293395996094,309.9200134277344,176.27999877929688,352.55999755859375,249.83999633789062,89.72855377197266,48.769283294677734,44.33951950073242
2024-11-25,232.8699951171875,418.7900085449219,119.97000122070312,154.5399932861328,249.0039825439453,313.19000244140625,177.38999938964844,338.5899963378906,242.47999572753906,92.05144500732422,49.00574493408203,44.35905075073242
2024-11-26,235.05999755859375,427.989990234375,117.97000122070312,154.52000427246094,248.6856231689453,311.82000732421875,179.30999755859375,338.2300109863281,242.9499969482422,91.69407653808594,48.71017074584961,44.12470626831055
2024-11-27,234.92999267578125,422.989990234375,117.66000366210938,155.39999389648438,248.5065460205078,314.70001220703125,179.36000061035156,332.8900146484375,243.49000549316406,92.32939147949219,48.966331481933594,44.29069900512695
2024-11-29,237.3300018310547,423.4599914550781,117.95999908447266,155.00999450683594,248.43692016601562,315.0799865722656,179.25999450683594,345.1600036621094,245.58999633789062,93.28236389160156,49.55747604370117,44.495750427246094
2024-12-02,239.58999633789062,430.9800109863281,117.8499984741211,154.8000030517578,244.9847412109375,316.6499938964844,179.6999969482422,357.0899963378906,243.44000244140625,93.5064926147461,49.60673522949219,44.7203254699707
2024-12-03,242.64999389648438,431.20001220703125,117.66999816894531,152.36000061035156,243.56210327148438,313.010009765625,175.4199981689453,351.4200134277344,243.92999267578125,92.69963073730469,49.813636779785156,44.90584945678711
2024-12-04,243.00999450683594,437.4200134277344,114.27999877929688,150.47000122070312,242.14938354492188,309.8999938964844,175.11000061035156,357.92999267578125,244.6699981689453,93.69575500488281,49.823490142822266,44.97420120239258
2024-12-05,243.0399932861328,442.6199951171875,114.77999877929688,149.52000427246094,244.21868896484375,309.0799865722656,176.02999877929688,369.489990234375,242.86000061035156,93.88501739501953,50.05009460449219,45.267127990722656
2024-12-06,242.83999633789062,443.57000732421875,113.56999969482422,149.30999755859375,246.0890350341797,311.010009765625,173.82000732421875,389.2200012207031,242.9499969482422,94.02447509765625,49.98112869262695,45.28665542602539
2024-12-09,246.75,446.0199890136719,112.9000015258789,149.60000610351562,242.55728149414062,308.29998779296875,170.7899932861328,389.7900085449219,245.36000061035156,93.15784454345703,49.86289978027344,46.3900146484375
2024-12-10,247.77000427246094,443.3299865722656,112.66999816894531,149.22999572753906,241.61216735839844,312.3800048828125,172.27999877929688,400.989990234375,248.58999633789062,92.71955108642578,49.49836349487305,45.53076171875
2024-12-11,246.49000549316406,448.989990234375,111.91999816894531,146.63999938964844,242.27871704101562,313.7900085449219,170.6300048828125,424.7699890136719,250.9600067138672,91.84295654296875,49.85304641723633,45.6088752746582
2024-12-12,247.9600067138672,449.55999755859375,111.81999969482422,146.24000549316406,240.2889862060547,314.2300109863281,170.85000610351562,418.1000061035156,247.27999877929688,90.727294921875,49.37028121948242,45.33547592163086
2024-12-13,248.1300048828125,447.2699890136719,110.83999633789062,146.6199951171875,238.70716857910156,314.739990234375,171.05999755859375,436.2300109863281,244.2899932861328,89.8009033203125,49.2421989440918,45.35500717163086
2024-12-16,251.0399932861328,451.5899963378906,108.47000122070312,143.85000610351562,238.34901428222656,315.8900146484375,171.13999938964844,463.0199890136719,244.8800048828125,90.0698471069336,49.035301208496094,45.120662689208984
2024-12-17,253.47999572753906,454.4599914550781,108.01000213623047,146.41000366210938,237.13528442382812,318.29998779296875,170.3300018310547,479.8599853515625,243.94000244140625,90.28900146484375,48.91707229614258,45.01325225830078
2024-12-18,248.0500030517578,437.3900146484375,106.41999816894531,144.75,229.1863250732422,309.7799987792969,169.0800018310547,440.1300048828125,239.25999450683594,89.16000366210938,47.70522689819336,43.96847915649414
2024-12-19,249.7899932861328,437.0299987792969,105.51000213623047,143.5800018310547,231.76303100585938,314.8800048828125,169.19000244140625,436.1700134277344,239.60000610351562,87.80999755859375,47.586997985839844,44.15400314331055
2024-12-20,254.49000549316406,436.6000061035156,105.87000274658203,144.47000122070312,236.3791961669922,317.7099914550781,168.05999755859375,421.05999755859375,242.10000610351562,88.30999755859375,47.56999969482422,44.400001525878906
2024-12-23,255.27000427246094,435.25,106.30000305175781,145.27000427246094,237.16513061523438,317.2200012207031,168.11000061035156,430.6000061035156,240.9600067138672,87.5,47.849998474121094,44.59000015258789
2024-12-24,258.20001220703125,439.3299865722656,106.4000015258789,145.85000610351562,241.0649871826172,320.6499938964844,168.94000244140625,462.2799987792969,241.44000244140625,87.87000274658203,48.040000915527344,44.77000045776367
2024-12-26,259.0199890136719,438.1099853515625,106.48999786376953,145.5800018310547,241.89071655273438,320.9100036621094,170.16000366210938,454.1300048828125,243.07000732421875,87.81999969482422,48.22999954223633,44.65999984741211
2024-12-27,255.58999633789062,430.5299987792969,106.4800033569336,145.0500030517578,239.93084716796875,318.6600036621094,169.52999877929688,431.6600036621094,241.39999389648438,87.0999984741211,48.11000061035156,44.5
2024-12-30,252.1999969482422,424.8299865722656,105.76000213623047,143.33999633789062,238.09036254882812,315.30999755859375,167.08999633789062,417.4100036621094,240.6300048828125,87.80000305175781,47.810001373291016,44.11000061035156
2024-12-31,250.4199981689453,421.5,107.56999969482422,144.6199951171875,238.4783477783203,316.0400085449219,167.64999389648438,403.8399963378906,242.1300048828125,87.33000183105469,47.81999969482422,44.040000915527344
2025-01-02,243.85000610351562,418.5799865722656,107.30999755859375,144.02000427246094,238.76686096191406,314.3999938964844,165.97999572753906,379.2799987792969,245.4199981689453,87.56999969482422,47.720001220703125,43.91999816894531
2025-01-03,243.36000061035156,423.3500061035156,107.86000061035156,144.19000244140625,242.02999877929688,314.9100036621094,165.1300048828125,410.44000244140625,243.49000549316406,87.29000091552734,48.0,44.13999938964844
2025-01-06,245.0,427.8500061035156,107.73999786376953,143.66000366210938,240.85000610351562,313.0400085449219,160.60000610351562,411.04998779296875,243.19000244140625,86.9000015258789,48.470001220703125,44.130001068115234
2025-01-07,242.2100067138672,422.3699951171875,108.75,146.22999572753906,243.1699981689453,311.6700134277344,161.3000030517578,394.3599853515625,244.55999755859375,85.91999816894531,48.310001373291016,43.849998474121094
2025-01-08,242.6999969482422,424.55999755859375,106.93000030517578,142.27000427246094,243.1300048828125,312.6000061035156,162.10000610351562,394.94000244140625,245.86000061035156,86.02999877929688,48.25,43.56999969482422
2025-01-10,236.85000610351562,418.95001220703125,106.54000091552734,142.05999755859375,239.8699951171875,307.7099914550781,158.55999755859375,394.739990234375,248.2100067138672,85.45999908447266,47.529998779296875,42.810001373291016
2025-01-13,234.39999389648438,417.19000244140625,109.29000091552734,144.47000122070312,244.2100067138672,306.9200134277344,158.83999633789062,403.30999755859375,245.74000549316406,85.43000030517578,47.400001525878906,42.5
2025-01-14,233.27999877929688,415.6700134277344,109.72000122070312,144.75,247.47000122070312,309.0899963378906,159.74000549316406,396.3599853515625,247.02999877929688,85.29000091552734,47.58000183105469,43.0099983215332
